{
  "msg": {
    "pose": {
      "orientation": {
        "w": 0.0768461971967929,
        "x": -0.011615382914227416,
        "y": 0.011426919046681475,
        "z": 0.9969098105532156
      },
      "position": {
        "x": 0.5705965324182561,
        "y": -0.7610798867103302,
        "z": 1.4007392883431002
      }
    },
    "header": {
      "stamp": {
        "nsecs": 178258895,
        "secs": 1358903243
      },
      "frame_id": "world",
      "seq": 8
    }
  },
  "op": "publish",
  "topic": "/itech_ros/marker_pose/pose_corrected"
}